{
  "n_common": 103,
  "ci": {
    "e1": {
      "mean": 0.4774454368932039,
      "ci_lo": 0.4072658252427184,
      "ci_hi": 0.5466998058252427
    },
    "e1p": {
      "mean": 0.4834693203883495,
      "ci_lo": 0.41479456310679613,
      "ci_hi": 0.5514805825242719
    },
    "e2": {
      "mean": 0.4723415533980583,
      "ci_lo": 0.4053,
      "ci_hi": 0.538228932038835
    },
    "e3": {
      "mean": 0.4803642718446602,
      "ci_lo": 0.41698058252427184,
      "ci_hi": 0.5432821359223301
    },
    "e4": {
      "mean": 0.48084291262135925,
      "ci_lo": 0.41067786407766993,
      "ci_hi": 0.5506598058252427
    },
    "e5": {
      "mean": 0.4863312621359223,
      "ci_lo": 0.4211759223300971,
      "ci_hi": 0.5531019417475729
    }
  },
  "sign_tests": {
    "persona_effect_e1_vs_e4": {
      "a": "e1",
      "b": "e4",
      "n": 103,
      "mean_delta": -0.003397475728155346,
      "delta_ci_lo": -0.03445495145631069,
      "delta_ci_hi": 0.028103883495145632,
      "a_better": 50,
      "b_better": 46,
      "ties": 7,
      "sign_test_p_two_sided": 0.7596492883236297
    },
    "briefing_effect_e1_vs_e3": {
      "a": "e1",
      "b": "e3",
      "n": 103,
      "mean_delta": -0.0029188349514563147,
      "delta_ci_lo": -0.03031533980582525,
      "delta_ci_hi": 0.02503766990291261,
      "a_better": 45,
      "b_better": 48,
      "ties": 10,
      "sign_test_p_two_sided": 0.8358461346314852
    },
    "refinement_effect_e1_vs_e2": {
      "a": "e1",
      "b": "e2",
      "n": 103,
      "mean_delta": 0.005103883495145626,
      "delta_ci_lo": -0.02633514563106797,
      "delta_ci_hi": 0.03697398058252426,
      "a_better": 41,
      "b_better": 51,
      "ties": 11,
      "sign_test_p_two_sided": 0.3481412903192065
    },
    "compression_effect_e1_vs_e1p": {
      "a": "e1",
      "b": "e1p",
      "n": 103,
      "mean_delta": -0.006023883495145632,
      "delta_ci_lo": -0.020637475728155347,
      "delta_ci_hi": 0.009089126213592242,
      "a_better": 47,
      "b_better": 40,
      "ties": 16,
      "sign_test_p_two_sided": 0.5202915935750737
    },
    "web_vs_curated_e4_vs_e5": {
      "a": "e4",
      "b": "e5",
      "n": 103,
      "mean_delta": -0.0054883495145631005,
      "delta_ci_lo": -0.02580097087378641,
      "delta_ci_hi": 0.014956699029126221,
      "a_better": 51,
      "b_better": 45,
      "ties": 7,
      "sign_test_p_two_sided": 0.6100682661051768
    },
    "e1_vs_e3_no_briefing": {
      "a": "e1",
      "b": "e3",
      "n": 103,
      "mean_delta": -0.0029188349514563147,
      "delta_ci_lo": -0.03031533980582525,
      "delta_ci_hi": 0.02503766990291261,
      "a_better": 45,
      "b_better": 48,
      "ties": 10,
      "sign_test_p_two_sided": 0.8358461346314852
    }
  }
}