{
  "n_common": 88,
  "ci": {
    "e1": {
      "mean": 0.5113802272727273,
      "ci_lo": 0.41634431818181805,
      "ci_hi": 0.6093354545454545
    },
    "e1p": {
      "mean": 0.5332222727272727,
      "ci_lo": 0.4379245454545456,
      "ci_hi": 0.633121590909091
    },
    "e2": {
      "mean": 0.5207914772727272,
      "ci_lo": 0.42804477272727265,
      "ci_hi": 0.6177595454545455
    },
    "e3": {
      "mean": 0.5376751136363637,
      "ci_lo": 0.4449220454545456,
      "ci_hi": 0.6336165909090906
    },
    "e4": {
      "mean": 0.4829658170656174,
      "ci_lo": 0.40072036252016296,
      "ci_hi": 0.5702101136363636
    },
    "e5": {
      "mean": 0.4408617215909091,
      "ci_lo": 0.34298761174242426,
      "ci_hi": 0.5427435606060604
    }
  },
  "sign_tests": {
    "persona_effect_e1_vs_e4": {
      "a": "e1",
      "b": "e4",
      "n": 88,
      "mean_delta": 0.02841441020710981,
      "delta_ci_lo": -0.01317670454545457,
      "delta_ci_hi": 0.07092406929801892,
      "a_better": 41,
      "b_better": 47,
      "ties": 0,
      "sign_test_p_two_sided": 0.5942882951469405
    },
    "briefing_effect_e1_vs_e3": {
      "a": "e1",
      "b": "e3",
      "n": 88,
      "mean_delta": -0.026294886363636378,
      "delta_ci_lo": -0.06372625,
      "delta_ci_hi": 0.003836136363636346,
      "a_better": 47,
      "b_better": 39,
      "ties": 2,
      "sign_test_p_two_sided": 0.45054757600159
    },
    "refinement_effect_e1_vs_e2": {
      "a": "e1",
      "b": "e2",
      "n": 88,
      "mean_delta": -0.009411250000000006,
      "delta_ci_lo": -0.040430227272727284,
      "delta_ci_hi": 0.0200194318181818,
      "a_better": 40,
      "b_better": 45,
      "ties": 3,
      "sign_test_p_two_sided": 0.6646454904132143
    },
    "compression_effect_e1_vs_e1p": {
      "a": "e1",
      "b": "e1p",
      "n": 88,
      "mean_delta": -0.02184204545454546,
      "delta_ci_lo": -0.05801181818181818,
      "delta_ci_hi": 0.007127499999999984,
      "a_better": 40,
      "b_better": 43,
      "ties": 5,
      "sign_test_p_two_sided": 0.8264047244491933
    },
    "web_vs_curated_e4_vs_e5": {
      "a": "e4",
      "b": "e5",
      "n": 88,
      "mean_delta": 0.04210409547470837,
      "delta_ci_lo": -0.03813054389906811,
      "delta_ci_hi": 0.1227031314595568,
      "a_better": 37,
      "b_better": 51,
      "ties": 0,
      "sign_test_p_two_sided": 0.1654405129339897
    },
    "e1_vs_e3_no_briefing": {
      "a": "e1",
      "b": "e3",
      "n": 88,
      "mean_delta": -0.026294886363636378,
      "delta_ci_lo": -0.06372625,
      "delta_ci_hi": 0.003836136363636346,
      "a_better": 47,
      "b_better": 39,
      "ties": 2,
      "sign_test_p_two_sided": 0.45054757600159
    }
  }
}