{
  "config": {
    "experiments": {
      "e1": "Trump \u00d7 CHRONOS broad-15",
      "e1p": "Trump \u00d7 CHRONOS broad-8 (compressed)",
      "e2": "Trump \u00d7 CHRONOS refined (2-stage)",
      "e3": "Trump \u00d7 no briefing",
      "e4": "Analyst \u00d7 CHRONOS broad-15",
      "e5": "Analyst \u00d7 Tavily web search (date-bounded, strict)",
      "e6": "Analyst \u00d7 Tavily web search (answerability gate, unbounded)"
    },
    "n_scorable_qids": 103,
    "n_common_qids_for_fair_comparison": 103
  },
  "counts": {
    "e1": {
      "total": 515,
      "errors": 0,
      "ok": 515
    },
    "e1p": {
      "total": 515,
      "errors": 0,
      "ok": 515
    },
    "e2": {
      "total": 515,
      "errors": 0,
      "ok": 515
    },
    "e3": {
      "total": 515,
      "errors": 0,
      "ok": 515
    },
    "e4": {
      "total": 515,
      "errors": 0,
      "ok": 515
    },
    "e5": {
      "total": 515,
      "errors": 0,
      "ok": 515
    },
    "e6": {
      "total": 515,
      "errors": 0,
      "ok": 515
    }
  },
  "tokens": {
    "e1": {
      "in": 12673555,
      "out": 74802
    },
    "e1p": {
      "in": 7523555,
      "out": 73724
    },
    "e2": {
      "in": 1525011,
      "out": 69481
    },
    "e3": {
      "in": 668030,
      "out": 67869
    },
    "e4": {
      "in": 12772424,
      "out": 88651
    },
    "e5": {
      "in": 723336,
      "out": 77675
    },
    "e6": {
      "in": 1279478,
      "out": 83743
    }
  },
  "complete_case_analysis": {
    "e1": {
      "n_questions": 103,
      "mean_brier": 0.4774454368932039,
      "mean_p_correct": 0.4275728155339806
    },
    "e1p": {
      "n_questions": 103,
      "mean_brier": 0.4834693203883495,
      "mean_p_correct": 0.42194174757281555
    },
    "e2": {
      "n_questions": 103,
      "mean_brier": 0.4723415533980583,
      "mean_p_correct": 0.42963106796116507
    },
    "e3": {
      "n_questions": 103,
      "mean_brier": 0.4803642718446602,
      "mean_p_correct": 0.4170873786407767
    },
    "e4": {
      "n_questions": 103,
      "mean_brier": 0.48084291262135925,
      "mean_p_correct": 0.42535922330097087
    },
    "e5": {
      "n_questions": 103,
      "mean_brier": 0.4863312621359223,
      "mean_p_correct": 0.40541747572815534
    },
    "e6": {
      "n_questions": 103,
      "mean_brier": 0.45184174757281553,
      "mean_p_correct": 0.46089320388349514
    }
  },
  "available_case_analysis_common_qids_only": {
    "e1": {
      "n_questions": 103,
      "mean_brier": 0.4774454368932039,
      "mean_p_correct": 0.4275728155339806
    },
    "e1p": {
      "n_questions": 103,
      "mean_brier": 0.4834693203883495,
      "mean_p_correct": 0.42194174757281555
    },
    "e2": {
      "n_questions": 103,
      "mean_brier": 0.4723415533980583,
      "mean_p_correct": 0.42963106796116507
    },
    "e3": {
      "n_questions": 103,
      "mean_brier": 0.4803642718446602,
      "mean_p_correct": 0.4170873786407767
    },
    "e4": {
      "n_questions": 103,
      "mean_brier": 0.48084291262135925,
      "mean_p_correct": 0.42535922330097087
    },
    "e5": {
      "n_questions": 103,
      "mean_brier": 0.4863312621359223,
      "mean_p_correct": 0.40541747572815534
    },
    "e6": {
      "n_questions": 103,
      "mean_brier": 0.45184174757281553,
      "mean_p_correct": 0.46089320388349514
    }
  },
  "by_question_format_common": {
    "e1": {
      "binary": {
        "n": 58,
        "mean_brier": 0.24567241379310345
      },
      "action": {
        "n": 45,
        "mean_brier": 0.7761751111111111
      }
    },
    "e1p": {
      "binary": {
        "n": 58,
        "mean_brier": 0.2522844827586207
      },
      "action": {
        "n": 45,
        "mean_brier": 0.7814408888888889
      }
    },
    "e2": {
      "binary": {
        "n": 58,
        "mean_brier": 0.2716637931034483
      },
      "action": {
        "n": 45,
        "mean_brier": 0.7309928888888889
      }
    },
    "e3": {
      "binary": {
        "n": 58,
        "mean_brier": 0.2778793103448276
      },
      "action": {
        "n": 45,
        "mean_brier": 0.7413448888888889
      }
    },
    "e4": {
      "binary": {
        "n": 58,
        "mean_brier": 0.23696310344827587
      },
      "action": {
        "n": 45,
        "mean_brier": 0.7951768888888889
      }
    },
    "e5": {
      "binary": {
        "n": 58,
        "mean_brier": 0.24741379310344827
      },
      "action": {
        "n": 45,
        "mean_brier": 0.7942693333333334
      }
    },
    "e6": {
      "binary": {
        "n": 58,
        "mean_brier": 0.20320793103448276
      },
      "action": {
        "n": 45,
        "mean_brier": 0.7723031111111112
      }
    }
  },
  "by_difficulty_common": {
    "e1": {
      "medium": {
        "n": 32,
        "mean_brier": 0.7834387500000001
      },
      "hard": {
        "n": 71,
        "mean_brier": 0.33953295774647885
      }
    },
    "e1p": {
      "medium": {
        "n": 32,
        "mean_brier": 0.7916875
      },
      "hard": {
        "n": 71,
        "mean_brier": 0.3445540845070423
      }
    },
    "e2": {
      "medium": {
        "n": 32,
        "mean_brier": 0.7464475
      },
      "hard": {
        "n": 71,
        "mean_brier": 0.3488008450704225
      }
    },
    "e3": {
      "medium": {
        "n": 32,
        "mean_brier": 0.74386
      },
      "hard": {
        "n": 71,
        "mean_brier": 0.3616056338028169
      }
    },
    "e4": {
      "medium": {
        "n": 32,
        "mean_brier": 0.78896875
      },
      "hard": {
        "n": 71,
        "mean_brier": 0.3419692957746479
      }
    },
    "e5": {
      "medium": {
        "n": 32,
        "mean_brier": 0.796375
      },
      "hard": {
        "n": 71,
        "mean_brier": 0.34659323943661974
      }
    },
    "e6": {
      "medium": {
        "n": 32,
        "mean_brier": 0.7522562500000001
      },
      "hard": {
        "n": 71,
        "mean_brier": 0.316443661971831
      }
    }
  },
  "by_domain_common": {
    "e1": {
      "trade_tariffs": {
        "n": 24,
        "mean_brier": 0.4636808333333334
      },
      "executive_orders": {
        "n": 19,
        "mean_brier": 0.5075
      },
      "personnel": {
        "n": 14,
        "mean_brier": 0.42446428571428574
      },
      "foreign_policy": {
        "n": 18,
        "mean_brier": 0.4445466666666667
      },
      "legislative": {
        "n": 11,
        "mean_brier": 0.5509272727272727
      },
      "public_comms": {
        "n": 9,
        "mean_brier": 0.5012777777777778
      },
      "legal_judicial": {
        "n": 8,
        "mean_brier": 0.48625
      }
    },
    "e1p": {
      "trade_tariffs": {
        "n": 24,
        "mean_brier": 0.4638125
      },
      "executive_orders": {
        "n": 19,
        "mean_brier": 0.5206578947368421
      },
      "personnel": {
        "n": 14,
        "mean_brier": 0.4293214285714286
      },
      "foreign_policy": {
        "n": 18,
        "mean_brier": 0.44715777777777777
      },
      "legislative": {
        "n": 11,
        "mean_brier": 0.5430454545454546
      },
      "public_comms": {
        "n": 9,
        "mean_brier": 0.5290555555555556
      },
      "legal_judicial": {
        "n": 8,
        "mean_brier": 0.497375
      }
    },
    "e2": {
      "trade_tariffs": {
        "n": 24,
        "mean_brier": 0.46605083333333336
      },
      "executive_orders": {
        "n": 19,
        "mean_brier": 0.5236052631578947
      },
      "personnel": {
        "n": 14,
        "mean_brier": 0.39839285714285716
      },
      "foreign_policy": {
        "n": 18,
        "mean_brier": 0.4381388888888889
      },
      "legislative": {
        "n": 11,
        "mean_brier": 0.5198727272727273
      },
      "public_comms": {
        "n": 9,
        "mean_brier": 0.4444288888888889
      },
      "legal_judicial": {
        "n": 8,
        "mean_brier": 0.541875
      }
    },