{
  "config": {
    "experiments": {
      "e1": "Trump \u00d7 CHRONOS broad-15",
      "e1p": "Trump \u00d7 CHRONOS broad-8 (compressed)",
      "e2": "Trump \u00d7 CHRONOS refined (2-stage)",
      "e3": "Trump \u00d7 no briefing",
      "e4": "Analyst \u00d7 CHRONOS broad-15",
      "e5": "Analyst \u00d7 Tavily web search"
    },
    "n_scorable_qids": 103,
    "n_common_qids_for_fair_comparison": 88
  },
  "counts": {
    "e1": {
      "total": 515,
      "errors": 0,
      "ok": 515
    },
    "e1p": {
      "total": 515,
      "errors": 0,
      "ok": 515
    },
    "e2": {
      "total": 515,
      "errors": 0,
      "ok": 515
    },
    "e3": {
      "total": 515,
      "errors": 0,
      "ok": 515
    },
    "e4": {
      "total": 515,
      "errors": 1,
      "ok": 514
    },
    "e5": {
      "total": 515,
      "errors": 123,
      "ok": 392
    }
  },
  "tokens": {
    "e1": {
      "in": 10317240,
      "out": 73010
    },
    "e1p": {
      "in": 6208970,
      "out": 71542
    },
    "e2": {
      "in": 1252595,
      "out": 70956
    },
    "e3": {
      "in": 659050,
      "out": 69389
    },
    "e4": {
      "in": 11373489,
      "out": 99678
    },
    "e5": {
      "in": 2033852,
      "out": 81285
    }
  },
  "complete_case_analysis": {
    "e1": {
      "n_questions": 103,
      "mean_brier": 0.5171559223300971,
      "mean_p_correct": 0.4621359223300971
    },
    "e1p": {
      "n_questions": 103,
      "mean_brier": 0.5366646601941748,
      "mean_p_correct": 0.4464077669902913
    },
    "e2": {
      "n_questions": 103,
      "mean_brier": 0.51868,
      "mean_p_correct": 0.4583592233009709
    },
    "e3": {
      "n_questions": 103,
      "mean_brier": 0.5356449514563106,
      "mean_p_correct": 0.44133980582524274
    },
    "e4": {
      "n_questions": 103,
      "mean_brier": 0.48068157186188676,
      "mean_p_correct": 0.47049908680188407
    },
    "e5": {
      "n_questions": 88,
      "mean_brier": 0.4408617215909091,
      "mean_p_correct": 0.5749507575757575
    }
  },
  "available_case_analysis_common_qids_only": {
    "e1": {
      "n_questions": 88,
      "mean_brier": 0.5113802272727273,
      "mean_p_correct": 0.46693181818181817
    },
    "e1p": {
      "n_questions": 88,
      "mean_brier": 0.5332222727272727,
      "mean_p_correct": 0.44975
    },
    "e2": {
      "n_questions": 88,
      "mean_brier": 0.5207914772727272,
      "mean_p_correct": 0.45789772727272726
    },
    "e3": {
      "n_questions": 88,
      "mean_brier": 0.5376751136363637,
      "mean_p_correct": 0.44229545454545455
    },
    "e4": {
      "n_questions": 88,
      "mean_brier": 0.4829658170656174,
      "mean_p_correct": 0.4681296129612961
    },
    "e5": {
      "n_questions": 88,
      "mean_brier": 0.4408617215909091,
      "mean_p_correct": 0.5749507575757575
    }
  },
  "by_question_format_common": {
    "e1": {
      "binary": {
        "n": 50,
        "mean_brier": 0.3138884
      },
      "action": {
        "n": 38,
        "mean_brier": 0.7712378947368421
      }
    },
    "e1p": {
      "binary": {
        "n": 50,
        "mean_brier": 0.3342152
      },
      "action": {
        "n": 38,
        "mean_brier": 0.7950736842105263
      }
    },
    "e2": {
      "binary": {
        "n": 50,
        "mean_brier": 0.325538
      },
      "action": {
        "n": 38,
        "mean_brier": 0.7777039473684211
      }
    },
    "e3": {
      "binary": {
        "n": 50,
        "mean_brier": 0.323096
      },
      "action": {
        "n": 38,
        "mean_brier": 0.820016052631579
      }
    },
    "e4": {
      "binary": {
        "n": 50,
        "mean_brier": 0.2773692
      },
      "action": {
        "n": 38,
        "mean_brier": 0.7534876816256404
      }
    },
    "e5": {
      "binary": {
        "n": 50,
        "mean_brier": 0.21911873333333334
      },
      "action": {
        "n": 38,
        "mean_brier": 0.7326288114035088
      }
    }
  },
  "by_difficulty_common": {
    "e1": {
      "medium": {
        "n": 27,
        "mean_brier": 0.7369037037037037
      },
      "hard": {
        "n": 61,
        "mean_brier": 0.4115583606557377
      }
    },
    "e1p": {
      "medium": {
        "n": 27,
        "mean_brier": 0.78276
      },
      "hard": {
        "n": 61,
        "mean_brier": 0.4227711475409836
      }
    },
    "e2": {
      "medium": {
        "n": 27,
        "mean_brier": 0.7760885185185186
      },
      "hard": {
        "n": 61,
        "mean_brier": 0.4077911475409836
      }
    },
    "e3": {
      "medium": {
        "n": 27,
        "mean_brier": 0.8208051851851852
      },
      "hard": {
        "n": 61,
        "mean_brier": 0.41235524590163936
      }
    },
    "e4": {
      "medium": {
        "n": 27,
        "mean_brier": 0.7387051851851851
      },
      "hard": {
        "n": 61,
        "mean_brier": 0.369769703307776
      }
    },
    "e5": {
      "medium": {
        "n": 27,
        "mean_brier": 0.7204974629629629
      },
      "hard": {
        "n": 61,
        "mean_brier": 0.3170885245901639
      }
    }
  },
  "by_domain_common": {
    "e1": {
      "trade_tariffs": {
        "n": 24,
        "mean_brier": 0.503105
      },
      "executive_orders": {
        "n": 18,
        "mean_brier": 0.5654677777777778
      },
      "personnel": {
        "n": 6,
        "mean_brier": 0.40573
      },
      "foreign_policy": {
        "n": 12,
        "mean_brier": 0.6280033333333332
      },
      "legislative": {
        "n": 11,
        "mean_brier": 0.47811272727272724
      },
      "public_comms": {
        "n": 9,
        "mean_brier": 0.3831022222222222
      },
      "legal_judicial": {
        "n": 8,
        "mean_brier": 0.5088675
      }
    },
    "e1p": {
      "trade_tariffs": {
        "n": 24,
        "mean_brier": 0.5359716666666666
      },
      "executive_orders": {
        "n": 18,
        "mean_brier": 0.5785622222222222
      },
      "personnel": {
        "n": 6,
        "mean_brier": 0.432
      },
      "foreign_policy": {
        "n": 12,
        "mean_brier": 0.6027483333333333
      },
      "legislative": {
        "n": 11,
        "mean_brier": 0.5466163636363637
      },
      "public_comms": {
        "n": 9,
        "mean_brier": 0.3874444444444444
      },
      "legal_judicial": {
        "n": 8,
        "mean_brier": 0.5401699999999999
      }
    },
    "e2": {
      "trade_tariffs": {
        "n": 24,
        "mean_brier": 0.5099295833333334
      },
      "executive_orders": {
        "n": 18,
        "mean_brier": 0.5838488888888889
      },
      "personnel": {
        "n": 6,
        "mean_brier": 0.39025
      },
      "foreign_policy": {
        "n": 12,
        "mean_brier": 0.6314799999999999
      },
      "legislative": {
        "n": 11,
        "mean_brier": 0.5137636363636363
      },
      "public_comms": {
        "n": 9,
        "mean_brier": 0.34936
      },
      "legal_judicial": {
        "n": 8,
        "mean_brier": 0.545895
      }
    },
    "e3": {
      "trade_tariffs": {
        "n": 24,
        "mean_brier": 0.5690975
      },
      "executive_orders": {
        "n": 18,
        "mean_brier": 0.5650516666666666
      },
      "personnel": {
        "n": 6,
        "mean_brier": 0.49198
      },
      "foreign_policy": {
        "n": 12,
        "mean_brier": 0.63229
      },
      "legislative": {
        "n": 11,
        "mean_brier": 0.5316972727272727
      },
      "public_comms": {
        "n": 9,
        "mean_brier": 0.3396311111111111
      },
      "legal_judicial": {
        "n": 8,
        "mean_brier": 0.50517875
      }
    },
    "e4": {
      "trade_tariffs": {
        "n": 24,
        "mean_brier": 0.47201333333333334
      },
      "executive_orders": {
        "n": 18,
        "mean_brier": 0.5009162167652409
      },
      "personnel": {
        "n": 6,
        "mean_brier": 0.4624033333333333
      },
      "foreign_policy": {
        "n": 12,